{"mean": [0.2845317773557177, 0.32142034936044733, 0.2782392447677313], "std": [0.15592287081437728, 0.15873369318865946, 0.15818563243173284]}